{
    "list_of_answers": [
        "install python", 
        "sudo apt install python-pip", 
        "pip install rocketcea", 
        "can't find gfortran.so.3 lib", 
        "sudo sh ./VBoxLinuxAdditions.run", 
        "apt-get install libgfortran3", 
        "udo apt-get install python-tk", 
        "Install python", 
        "now install RocketCEA", 
        "", 
        "ImportError: DLL load failed: The specified module could not be found.", 
        "", 
        "Accept Defaults", 
        "Accept Default", 
        "Several Minutes of Download", 
        "", 
        ""
    ], 
    "list_of_hints": [
        "", 
        "", 
        "(will install numpy, matplotlib, etc.)", 
        "sudo apt-get install gfortran", 
        "cd to VBox Guest additons area", 
        "", 
        "", 
        "python-3.7.0-amd64.exe", 
        "pip install rocketcea", 
        "", 
        "", 
        "", 
        "", 
        "", 
        "", 
        "", 
        ""
    ], 
    "list_of_prompts": [
        "Lubuntu", 
        "install pip", 
        "install RocketCEA", 
        "Linux Failure", 
        "Set up Linux Guest Additions", 
        "Install gfortran 3", 
        "May need tkinter", 
        "Windows 10 Install", 
        "Successful  python install", 
        "Successfule RocketCEA install", 
        "Failed RocketCEA run", 
        "mingw-w64-install.exe", 
        "MinGW-W64 Options", 
        "Install Folder", 
        "Installing Files", 
        "Finished Download", 
        "Finished"
    ], 
    "title": "RocketCEA Install", 
    "list_of_images": [
        "0.jpg", 
        "1.jpg", 
        "2.jpg", 
        "3.jpg", 
        "4.jpg", 
        "5.jpg", 
        "6.jpg", 
        "7.jpg", 
        "8.jpg", 
        "9.jpg", 
        "10.jpg", 
        "11.jpg", 
        "12.jpg", 
        "13.jpg", 
        "14.jpg", 
        "15.jpg", 
        "16.jpg"
    ], 
    "list_of_stories": [
        "", 
        "", 
        "", 
        "", 
        "", 
        "", 
        "", 
        "choose default of User area install", 
        "", 
        "", 
        "", 
        "", 
        "", 
        "", 
        "", 
        "", 
        ""
    ], 
    "list_of_big_hints": [
        "", 
        "", 
        "", 
        "", 
        "", 
        "", 
        "", 
        "add python 3.7 to path", 
        "", 
        "", 
        "", 
        "", 
        "", 
        "", 
        "", 
        "", 
        ""
    ]
}