{
    "list_of_answers": [
        "install python", 
        "sudo apt install python-pip", 
        "pip install rocketcea", 
        "can't find gfortran.so.3 lib", 
        "sudo sh ./VBoxLinuxAdditions.run", 
        "apt-get install libgfortran3", 
        "udo apt-get install python-tk", 
        "Install python", 
        "now install RocketCEA", 
        "", 
        "ImportError: DLL load failed: The specified module could not be found.", 
        "", 
        "Accept Defaults", 
        "Accept Default", 
        "Several Minutes of Download", 
        "", 
        "", 
        "C:\\Program Files (x86)\\mingw-w64\\i686-8.1.0-posix-dwarf-rt_v6-rev0\\mingw32\\bin", 
        "", 
        "", 
        "", 
        "", 
        "C:\\mingw"
    ], 
    "list_of_hints": [
        "", 
        "", 
        "(will install numpy, matplotlib, etc.)", 
        "sudo apt-get install gfortran", 
        "cd to VBox Guest additons area", 
        "", 
        "", 
        "python-3.7.0-amd64.exe", 
        "pip install rocketcea", 
        "", 
        "", 
        "", 
        "", 
        "", 
        "", 
        "", 
        "", 
        "", 
        "", 
        "", 
        "", 
        "", 
        "pick x86_64 win32"
    ], 
    "list_of_prompts": [
        "Lubuntu", 
        "install pip", 
        "install RocketCEA", 
        "Linux Failure", 
        "Set up Linux Guest Additions", 
        "Install gfortran 3", 
        "May need tkinter", 
        "Windows 10 Install", 
        "Successful  python install", 
        "Successfule RocketCEA install", 
        "Failed RocketCEA run", 
        "mingw-w64-install.exe", 
        "MinGW-W64 Options", 
        "Install Folder", 
        "Installing Files", 
        "Finished Download", 
        "Finished", 
        "Add mingw to PATH", 
        "Control Panel", 
        "Add mingw\\bin", 
        "Open a NEW Command Prompt", 
        "maybe a static link???", 
        "2nd MinGW install"
    ], 
    "title": "RocketCEA Install", 
    "list_of_images": [
        "0.jpg", 
        "1.jpg", 
        "2.jpg", 
        "3.jpg", 
        "4.jpg", 
        "5.jpg", 
        "6.jpg", 
        "7.jpg", 
        "8.jpg", 
        "9.jpg", 
        "10.jpg", 
        "11.jpg", 
        "12.jpg", 
        "13.jpg", 
        "14.jpg", 
        "15.jpg", 
        "16.jpg", 
        "17.jpg", 
        "18.jpg", 
        "19.jpg", 
        "20.jpg", 
        "21.jpg", 
        "22.jpg"
    ], 
    "list_of_stories": [
        "", 
        "", 
        "", 
        "", 
        "", 
        "", 
        "", 
        "choose default of User area install", 
        "", 
        "", 
        "", 
        "", 
        "", 
        "", 
        "", 
        "", 
        "", 
        "", 
        "", 
        "", 
        "", 
        "GCC includes static versions of the Fortran runtime libraries, which can be linked with -static-libgfortran", 
        ""
    ], 
    "list_of_big_hints": [
        "", 
        "", 
        "", 
        "", 
        "", 
        "", 
        "", 
        "add python 3.7 to path", 
        "", 
        "", 
        "", 
        "", 
        "", 
        "", 
        "", 
        "", 
        "", 
        "", 
        "", 
        "", 
        "", 
        "", 
        ""
    ]
}